Target	POS	Context	Overlap	Sent1	Sent2	Sent3
volume	same|same|same	diff|diff|diff	true|true|true	Ha abbassato il <b>volume</b> della televisione.	Il <b>volume</b> della radio è troppo alto.	Il <b>volume</b> delle esportazioni è calato.
volume	same|same|same	diff|diff|diff	true|true|true	Il <b>volume</b> raccoglie gli scritti dell'autrice.	Questo <b>volume</b> è disponibile in biblioteca.	Ha abbassato il <b>volume</b> della televisione.
volume	same|same|same	diff|diff|diff	true|true|true	Il <b>volume</b> delle esportazioni è calato.	Secondo gli economisti il <b>volume</b> delle esportazioni è in calo.	Il <b>volume</b> della radio è troppo alto.
campione	same|same|same	diff|diff|diff	true|true|true	Preleva un <b>campione</b> di sangue con una siringa.	Il laboratorio analizza il <b>campione</b>.	Il <b>campione</b> saluta i tifosi.
campione	same|same|same	diff|diff|diff	true|true|true	Il <b>campione</b> saluta i tifosi.	I tifosi chiedono un autografo al <b>campione</b>.	Preleva un <b>campione</b> di sangue con una siringa.
facoltà	same|same|same	diff|diff|diff	true|true|true	La calamita ha la <b>facoltà</b> di attirare il ferro.	Il sospettato si è avvalso della <b>facoltà</b> di non rispondere.	La <b>facoltà</b> di Lettere ha pubblicato gli esiti dell'esame.
facoltà	same|same|same	diff|diff|diff	true|true|true	La <b>facoltà</b> di Lettere ha pubblicato gli esiti dell'esame.	Il corso di laurea è organizzato dalla <b>facoltà</b> di medicina.	La calamita ha la <b>facoltà</b> di attirare il ferro.
rombo	same|same|same	diff|diff|diff	true|true|true	Prima del temporale si udì un <b>rombo</b> in lontananza.	Il lampo è seguito da un <b>rombo</b> sordo.	L'area del <b>rombo</b> è la metà di quella del rettangolo.
rombo	same|same|same	diff|diff|diff	true|true|true	L'area del <b>rombo</b> è la metà di quella del rettangolo.	Il <b>rombo</b> è un poligono di quattro lati.	Prima del temporale si udì un <b>rombo</b> in lontananza.
rigore	same|same|same	diff|diff|diff	true|true|true	Alla squadra è concesso un tiro di <b>rigore</b>.	L'arbitro fischia il tiro di <b>rigore</b>.	Descrisse l'esperimento con <b>rigore</b> scientifico.
rigore	same|same|same	diff|diff|diff	true|true|true	Descrisse l'esperimento con <b>rigore</b> scientifico.	Studiò con <b>rigore</b> e passò l'esame.	L'arbitro fischia il tiro di <b>rigore</b>.
polo	same|same|same	diff|diff|diff	true|true|true	Arrivò indossando una <b>polo</b> a maniche lunghe.	Indossava una <b>polo</b> e un paio di jeans.	Fu il primo a raggiungere il <b>polo</b> in solitaria.
polo	same|same|same	diff|diff|diff	true|true|true	Impiegò anni per raggiungere il <b>polo</b> in slitta.	Il riscaldamento globale minaccia i ghiacci del <b>polo</b>.	Indossava una <b>polo</b> e un paio di jeans.
miglio	same|same|same	diff|diff|diff	true|true|true	Un <b>miglio</b> è poco più di un chilometro e mezzo.	L'azienda gestisce la filiera sino all'ultimo <b>miglio</b>.	Il <b>miglio</b> è un cereale privo di glutine.
miglio	same|same|same	diff|diff|diff	true|true|true	Il <b>miglio</b> è un cereale privo di glutine.	Il <b>miglio</b> contiene vitamine e sali minerali.	Un <b>miglio</b> è poco più di un chilometro e mezzo.
tasso	same|same|same	diff|diff|diff	true|true|true	Il <b>tasso</b> è un mammifero carnivoro.	Il <b>tasso</b> è un animale che si nutre d'insetti.	Il <b>tasso</b> degli interessi è indicato in percentuale.
tasso	same|same|same	diff|diff|diff	true|true|true	Il <b>tasso</b> degli interessi è indicato in percentuale.	Il mutuo a <b>tasso</b> variabile è rischioso.	Il <b>tasso</b> è un mammifero carnivoro.
lama	same|same|same	diff|diff|diff	true|true|true	Il <b>lama</b> è un animale erbivoro.	Un <b>lama</b> è un cammello domestico.	La spada ha una <b>lama</b> affilata.
lama	same|same|same	diff|diff|diff	true|true|true	Combatteva usando un'arma a doppia <b>lama</b>.	La spada ha una <b>lama</b> affilata.	Il <b>lama</b> è un animale erbivoro.
venti	same|same|same	diff|diff|diff	true|true|true	Ci sono <b>venti</b> che portano umidità e afa.	Sono previsti forti <b>venti</b> di burrasca.	Videro un gruppo di <b>venti</b> persone.
venti	same|same|same	diff|diff|diff	true|true|true	Videro un gruppo di <b>venti</b> persone.	Sono previste temperature oltre i <b>venti</b> gradi.	Sono previsti forti <b>venti</b> di burrasca.
botte	same|same|same	diff|diff|diff	true|true|true	Era stanca di fare a <b>botte</b> con la vita.	Un cittadino ha preso a <b>botte</b> il sindaco.	Nella <b>botte</b> piccola c'è il vino buono.
botte	same|same|same	diff|diff|diff	true|true|true	Nella <b>botte</b> piccola c'è il vino buono.	Comprò una <b>botte</b> di vino.	Era stanca di fare a <b>botte</b> con la vita.
credenza	same|same|same	diff|diff|diff	true|true|true	È una <b>credenza</b> popolare molto diffusa.	È una <b>credenza</b> appartenente al folclore locale.	La <b>credenza</b> conteneva piatti e posate.
credenza	same|same|same	diff|diff|diff	true|true|true	La <b>credenza</b> conteneva piatti e posate.	Ripose le stoviglie nella <b>credenza</b>.	È una <b>credenza</b> appartenente al folclore locale.
pesca	same|same|same	diff|diff|diff	true|true|true	I marinai andarono a <b>pesca</b> e non presero niente.	La <b>pesca</b> a strascico danneggia l'ambiente marino.	La <b>pesca</b> è un frutto molto delicato.
pesca	same|same|same	diff|diff|diff	true|true|true	La <b>pesca</b> è un frutto molto delicato.	Mangiò una macedonia di <b>pesca</b>.	I marinai andarono a <b>pesca</b> e non presero niente.
borsa	same|same|same	diff|diff|diff	true|true|true	Tirò fuori un libro dalla <b>borsa</b>.	Posò la <b>borsa</b> sul tavolo.	L'azienda debutta in <b>borsa</b>, vale oltre settanta miliardi.
borsa	same|same|same	diff|diff|diff	true|true|true	L'azienda debutta in <b>borsa</b>, vale oltre settanta miliardi.	Perse tutto speculando in <b>borsa</b> su titoli derivati.	Tirò fuori un libro dalla <b>borsa</b>.
foro	same|same|same	diff|diff|diff	true|true|true	La maglia aveva un grosso <b>foro</b> sul gomito.	Il maglione ha un <b>foro</b> sulla manica.	Ha vinto la causa presso il <b>foro</b> di Milano.
foro	same|same|same	diff|diff|diff	true|true|true	Ha vinto la causa presso il <b>foro</b> di Milano.	È avvocato presso il <b>foro</b> di Torino.	La maglia aveva un grosso <b>foro</b> sul gomito.
divisione	same|same|same	diff|diff|diff	true|true|true	La Serie B è la seconda <b>divisione</b> del campionato di calcio maschile.	La prima <b>divisione</b> del campionato di calcio è la Serie A.	La <b>divisione</b> è un'operazione aritmetica.
divisione	same|same|same	diff|diff|diff	true|true|true	La <b>divisione</b> è un'operazione aritmetica.	L'addizione è un'operazione più facile della <b>divisione</b>.	La prima <b>divisione</b> del campionato di calcio è la Serie A.
pianta	same|same|same	diff|diff|diff	true|true|true	L'Agave è una <b>pianta</b> grassa.	La <b>pianta</b> in giardino ha molti frutti.	La <b>pianta</b> dell'edificio è depositata al catasto.
pianta	same|same|same	diff|diff|diff	true|true|true	La <b>pianta</b> dell'edificio è depositata al catasto.	La <b>pianta</b> raffigura l'abitazione e un terreno attiguo.	L'Agave è una <b>pianta</b> grassa.
cappa	same|same|same	diff|diff|diff	true|true|true	La <b>cappa</b> è un elettrodomestico che elimina i fumi.	Decise di pulire la <b>cappa</b> della cucina.	C'era una <b>cappa</b> di smog che avvolgeva la città.
cappa	same|same|same	diff|diff|diff	true|true|true	C'era una <b>cappa</b> di smog che avvolgeva la città.	La cappa di <b>smog</b> rende l'aria irrespirabile.	La <b>cappa</b> è un elettrodomestico che elimina i fumi.
boa	same|same|same	diff|diff|diff	true|true|true	In mare c'era una <b>boa</b> segnaletica rossa.	Un'onda allontanò la barca dalla <b>boa</b>.	Il <b>boa</b> è un serpente non velenoso.
boa	same|same|same	diff|diff|diff	true|true|true	Il <b>boa</b> è un serpente non velenoso.	Il <b>boa</b> si nutre di uccelli e mammiferi.	Un'onda allontanò la barca dalla <b>boa</b>.
latte	same|same|same	diff|diff|diff	true|true|true	Il <b>latte</b> è una fonte di calcio e proteine.	Per colazione ebbe del <b>latte</b> con dei biscotti.	Nell'armadio c'erano delle vecchie <b>latte</b> di vernice.
latte	same|same|same	diff|diff|diff	true|true|true	Nell'armadio c'erano delle vecchie <b>latte</b> di vernice.	L'olio era conservato in delle <b>latte</b>.	Il <b>latte</b> è una fonte di calcio e proteine.
zecca	same|same|same	diff|diff|diff	true|true|true	La <b>zecca</b> è un insetto endemico.	Il morso della <b>zecca</b> è pericoloso.	La <b>zecca</b> ha emesso una moneta commemorativa.
zecca	same|same|same	diff|diff|diff	true|true|true	La <b>zecca</b> ha emesso una moneta commemorativa.	La <b>zecca</b> produce monete e sigilli dello stato.	La <b>zecca</b> è un insetto endemico.
cane	same|same|same	diff|diff|diff	true|true|true	Il <b>cane</b> è una parte della pistola.	Il <b>cane</b> è armato dal grilletto.	Il <b>cane</b> è un mammifero carnivoro.
cane	same|same|same	diff|diff|diff	true|true|true	Il <b>cane</b> è un mammifero carnivoro.	Il <b>cane</b> inseguiva la volpe.	Il <b>cane</b> è armato dal grilletto.
sirena	same|same|same	diff|diff|diff	true|true|true	La <b>sirena</b> è una creatura mitologica.	Nella mitologia la <b>sirena</b> incantava i marinai.	La <b>sirena</b> dell'ambulanza era rumorosa.
sirena	same|same|same	diff|diff|diff	true|true|true	La <b>sirena</b> dell'ambulanza era rumorosa.	Il comandante azionò la <b>sirena</b> da nebbia.	La <b>sirena</b> è una creatura mitologica.
lira	same|same|same	diff|diff|diff	true|true|true	La <b>lira</b> era la moneta italiana in uso prima dell'Euro.	La <b>lira</b> è stata una moneta molto debole.	La <b>lira</b> è uno strumento musicale a corde.
viola	same|same|same	diff|diff|diff	true|true|true	Suonava la <b>viola</b> in un quintetto d'archi.	La <b>viola</b> è uno strumento musicale cordofono.	La <b>viola</b> è una pianta perenne molto piccola.
viola	same|same|same	diff|diff|diff	true|true|true	La <b>viola</b> è una pianta perenne molto piccola.	I fiori della <b>viola</b> sono commestibili.	La <b>viola</b> è uno strumento musicale cordofono.
re	same|same|same	diff|diff|diff	true|true|true	Il <b>re</b> viveva nel suo castello.	Il <b>re</b> regnava con potere assoluto.	Il <b>re</b> è la seconda nota musicale nella scala di do.
prodotto	same|same|same	diff|diff|diff	true|true|true	Il <b>prodotto</b> è il risultato della moltiplicazione.	Moltiplicando due numeri se ne calcola il <b>prodotto</b>.	Ha restituito il <b>prodotto</b> dopo averlo acquistato.
salsa	same|same|same	diff|diff|diff	true|true|true	La <b>salsa</b> è un ballo caraibico.	Il ballo caraibico più famoso è la <b>salsa</b>.	Ha preparato della pasta con una <b>salsa</b> al pomodoro.
lettera	same|same|same	diff|diff|diff	true|true|true	Scrisse una <b>lettera</b> al suo amico di penna.	Ricevette una <b>lettera</b> tramite posta raccomandata.	La A è la prima <b>lettera</b> dell'alfabeto.
blocco	same|same|same	diff|diff|diff	true|true|true	La statua fu ricavata da un grosso <b>blocco</b> di marmo.	Scolpì l'opera da un <b>blocco</b> di marmo.	Il fuggitivo viene fermato ad un <b>blocco</b> della polizia.
batteria	same|same|same	diff|diff|diff	true|true|true	Suona la <b>batteria</b> in una band.	La <b>batteria</b> è uno strumento a percussione.	La <b>batteria</b> del telefono è scarica.
batteria	same|same|same	diff|diff|diff	true|true|true	La <b>batteria</b> del telefono è scarica.	Mi serve una nuova <b>batteria</b> per la torcia.	La <b>batteria</b> è uno strumento a percussione.
piano	same|same|same	diff|diff|diff	true|true|true	Abitava al primo <b>piano</b> di una palazzina.	Vivevano al secondo <b>piano</b> di un palazzo.	Lasciò il libro sul <b>piano</b> in soggiorno.
fusto	same|same|same	diff|diff|diff	true|true|true	Il <b>fusto</b> è la struttura portante delle piante.	I boscaioli tagliarono il <b>fusto</b> in tanti ceppi.	Comprarono un <b>fusto</b> di birra per la festa.
volume	same|same|same	diff|diff|diff	false|false|false	Il <b>volume</b> raccoglie gli scritti dell'autrice.	L'antologia dello scrittore è raccolta in questo <b>libro</b>.	La <b>quantità</b> delle esportazioni è diminuita.
volume	same|same|same	diff|diff|diff	false|false|false	Il <b>volume</b> delle esportazioni è diminuito.	Secondo gli economisti la <b>quantità</b> delle esportazioni è in calo.	Il <b>libro</b> contiene diverse poesie.
volume	same|same|same	diff|diff|diff	false|false|false	Nel periodo Natalizio il <b>volume</b> delle commesse aumenta.	La <b>mole</b> di lavoro aumenta sotto Natale.	L'antologia dello scrittore è raccolta in questo <b>libro</b>.
volume	same|same|same	diff|diff|diff	false|false|false	Il <b>volume</b> della produzione ha superato le aspettative.	La <b>mole</b> di lavoro aumenta sotto Natale.	L'antologia dello scrittore è raccolta in questo <b>libro</b>.
sale	same|same|same	diff|diff|diff	false|false|false	Immobile centrale con ampie <b>sale</b> e giardino.	Le <b>stanze</b> della casa sono spaziose e pulite.	Il sale è un <b>minerale</b> costituito da cloruro di sodio.
sale	same|same|same	diff|diff|diff	false|false|false	Terminate la ricetta con <b>sale</b> e pepe quanto basta.	Il sale è un <b>minerale</b> costituito da cloruro di sodio.	Immobile centrale con ampie <b>stanze</b> e giardino.
sale	same|same|same	diff|diff|diff	false|false|false	Immobile centrale con ampie <b>sale</b> e giardino.	La casa aveva molte <b>camere</b> ed un terrazzo.	Il sale è un <b>minerale</b> costituito da cloruro di sodio.
campione	same|same|same	diff|diff|diff	false|false|false	Preleva un <b>campione</b> di sangue con una siringa.	Il laboratorio analizza l'<b>esemplare</b>.	Il <b>vincitore</b> saluta i tifosi.
campione	same|same|same	diff|diff|diff	false|false|false	Il <b>campione</b> saluta i tifosi.	I tifosi chiedono un autografo al <b>vincitore</b>.	Il laboratorio analizza l'<b>esemplare</b>.
campione	same|same|same	diff|diff|diff	false|false|false	I tifosi chiedono un autografo al <b>campione</b>.	L'<b>atleta</b> saluta i tifosi.	Il laboratorio analizza l'<b>esemplare</b>.
facoltà	same|same|same	diff|diff|diff	false|false|false	Il sospettato si è avvalso della <b>facoltà</b> di non rispondere.	I magneti hanno la <b>capacità</b> di attrarre il ferro.	Il corso di laurea è organizzato dal <b>dipartimento</b> di lettere.
facoltà	same|same|same	diff|diff|diff	false|false|false	La <b>facoltà</b> di fisica ha pubblicato gli esiti dell'esame.	Il corso di laurea è organizzato dal <b>dipartimento</b> di lettere.	I magneti hanno la <b>capacità</b> di attrarre il ferro.
rombo	same|same|same	diff|diff|diff	false|false|false	Prima del temporale si udì un <b>rombo</b> in lontananza.	Il lampo è seguito da un <b>fragore</b> sordo.	La <b>losanga</b> è un poligono di quattro lati.
rombo	same|same|same	diff|diff|diff	false|false|false	L'area del <b>rombo</b> è la metà dell'area del rettangolo.	Ogni <b>losanga</b> è un parallelogramma.	Prima del temporale si udì un <b>tuono</b> in lontananza.
rigore	same|same|same	diff|diff|diff	false|false|false	L'arbitro fischia il tiro di <b>rigore</b>.	Alla squadra è concesso un <b>tiro di punizione</b>.	Ogni giorno va in palestra e si allena con <b>disciplina</b>.
rigore	same|same|same	diff|diff|diff	false|false|false	Descrisse l'esperimento con <b>rigore</b> scientifico.	Ogni giorno va in palestra e si allena con <b>disciplina</b>.	Alla squadra è concesso un <b>tiro di punizione</b>.
polo	same|same|same	diff|diff|diff	false|false|false	Arrivò indossando una <b>polo</b> a maniche lunghe.	Indossava una <b>maglietta</b> e un paio di jeans.	Fu il primo a raggiungere l'<b>antartide</b> in solitaria.
polo	same|same|same	diff|diff|diff	false|false|false	Impiegò anni per raggiungere il <b>polo</b> in slitta.	Fu il primo a raggiungere l'<b>antartide</b> in solitaria.	Indossava una <b>maglietta</b> e un paio di jeans.
venti	same|same|same	diff|diff|diff	false|false|false	Ci sono <b>venti</b> che portano umidità e afa.	Sono previste forti <b>raffiche</b> di vento.	Videro un gruppo di <b>due decine</b> di persone.
venti	same|same|same	diff|diff|diff	false|false|false	Sono previste temperature oltre i <b>venti</b> gradi.	Videro un gruppo di <b>due decine</b> di persone.	Sono previste forti <b>raffiche</b> di vento.
venti	same|same|same	diff|diff|diff	false|false|false	Oggi la temperatura ha superato i <b>venti</b> gradi.	Il gruppo contava <b>due decine</b> di individui.	Sono previste forti <b>folate</b> di vento.
botte	same|same|same	diff|diff|diff	false|false|false	Era stanca di fare a <b>botte</b> con la vita.	Fu arrestato per <b>percosse</b> e minacce.	Il prezzo di un <b>barile</b> ha raggiunto i 100 dollari.
botte	same|same|same	diff|diff|diff	false|false|false	Nella <b>botte</b> piccola c'è il vino buono.	Il prezzo di un <b>barile</b> ha raggiunto i 100 dollari.	Fu arrestato per <b>percosse</b> e minacce.
credenza	same|same|same	diff|diff|diff	false|false|false	È una <b>credenza</b> popolare molto diffusa.	È una <b>leggenda</b> appartenente al folclore locale.	Teneva il pane nella <b>dispensa</b> in cucina.
credenza	same|same|same	diff|diff|diff	false|false|false	La <b>credenza</b> conteneva piatti e posate.	Teneva il pane nella <b>dispensa</b> in cucina.	È una <b>leggenda</b> appartenente al folclore locale.
credenza	same|same|same	diff|diff|diff	false|false|false	Piatti e posate erano nella <b>credenza</b>.	Teneva stoviglie e generi di prima necessità nella <b>dispensa</b>.	È una <b>superstizione</b> appartenente al folclore locale.
pesca	same|same|same	diff|diff|diff	false|false|false	I marinai andarono a <b>pesca</b> e non presero niente.	Il <b>pescato</b> venne venduto al mercato ittico.	Aggiunse un <b>frutto</b> maturo alla macedonia.
pesca	same|same|same	diff|diff|diff	false|false|false	La <b>pesca</b> è un frutto molto delicato.	Aggiunse un <b>frutto</b> maturo alla macedonia.	Il <b>pescato</b> venne venduto al mercato ittico.
borsa	same|same|same	diff|diff|diff	false|false|false	Tirò fuori un libro dalla <b>borsa</b>.	Posò la <b>sacca</b> sul tavolo.	Il <b>mercato azionario</b> registra forti perdite.
borsa	same|same|same	diff|diff|diff	false|false|false	La <b>borsa</b> di Milano registra forti perdite.	Il <b>mercato azionario</b> ha riportato rendimenti negativi.	Posò la <b>sacca</b> sul tavolo.
foro	same|same|same	diff|diff|diff	false|false|false	La maglia aveva un grosso <b>foro</b> sul gomito.	Il maglione ha un <b>buco</b> sulla manica.	Ha vinto la causa presso il <b>tribunale</b> di Milano.
foro	same|same|same	diff|diff|diff	false|false|false	Ha vinto la causa presso il <b>foro</b> di Milano.	È avvocato presso il <b>tribunale</b> di Torino.	Il maglione ha un <b>buco</b> sulla manica.
indice	same|same|same	diff|diff|diff	false|false|false	Il Dow Jones è l'<b>indice</b> che ha perso più punti.	Il <b>paniere dei titoli</b> ha registrato forti perdite.	Si è tagliato un <b>dito</b> mentre cucinava.
indice	same|same|same	diff|diff|diff	false|false|false	Mise l'anello all'<b>indice</b> della mano destra.	Si è tagliato un <b>dito</b> mentre cucinava.	Il <b>paniere dei titoli</b> ha registrato forti perdite.
quota	same|same|same	diff|diff|diff	false|false|false	Vogliono acquistare la sua <b>quota</b> della società.	La sua <b>parte</b> della società fu ereditata dai figli.	L'aereo raggiunse l'<b>altitudine</b> di crociera.
quota	same|same|same	diff|diff|diff	false|false|false	L'aereo scese di <b>quota</b> per l'atterraggio.	L'aereo raggiunse l'<b>altitudine</b> di crociera.	La sua <b>parte</b> della società fu ereditata dai figli.
pianta	same|same|same	diff|diff|diff	false|false|false	L'Agave è una <b>pianta</b> grassa.	L'<b>albero</b> in giardino ha molti frutti.	La <b>planimetria</b> è il disegno tecnico di un edificio.
pianta	same|same|same	diff|diff|diff	false|false|false	La <b>pianta</b> dell'edificio è caratterizzata da ampi saloni.	La <b>planimetria</b> è il disegno tecnico di un edificio.	L'<b>albero</b> in giardino ha molti frutti.
cappa	same|same|same	diff|diff|diff	false|false|false	La <b>cappa</b> è un elettrodomestico che elimina i fumi.	Il <b>sistema di aspirazione</b> convoglia i fumi all'esterno.	Una <b>nuvola</b> di smog e polveri sottili avvolge la città.
cappa	same|same|same	diff|diff|diff	false|false|false	Una <b>cappa</b> di smog soffocava la città.	Una <b>nuvola</b> di smog e polveri sottili avvolge la città.	Il <b>sistema di aspirazione</b> convoglia i fumi all'esterno.
boa	same|same|same	diff|diff|diff	false|false|false	In mare c'era una <b>boa</b> segnaletica rossa.	Un'onda allontanò la barca dal <b>galleggiante</b>.	Il <b>serpente</b> si nutre di uccelli e mammiferi.
boa	same|same|same	diff|diff|diff	false|false|false	Il <b>boa</b> è un serpente non velenoso.	Il <b>serpente</b> si nutre di uccelli e mammiferi.	Un'onda allontanò la barca dal <b>galleggiante</b>.
zecca	same|same|same	diff|diff|diff	false|false|false	La <b>zecca</b> è un insetto endemico.	Il morso di questo <b>insetto</b> è pericoloso.	L'<b>Istituto Poligrafico dello Stato</b> conia monete e banconote.
zecca	same|same|same	diff|diff|diff	false|false|false	La <b>zecca</b> ha emesso una moneta commemorativa.	L'<b>Istituto Poligrafico dello Stato</b> conia monete e banconote.	Il morso di questo <b>insetto</b> è pericoloso.
sirena	same|same|same	diff|diff|diff	false|false|false	La <b>sirena</b> è una creatura mitologica.	Nella mitologia questa <b>creatura</b> incantava i marinai.	L'incendio fece scattare un <b>segnale acustico</b> di allarme.
sirena	same|same|same	diff|diff|diff	false|false|false	La <b>sirena</b> dell'ambulanza era rumorosa.	L'incendio fece scattare un <b>segnale acustico</b> di allarme.	Nella mitologia questa <b>creatura</b> incantava i marinai.
lira	same|same|same	diff|diff|diff	false|false|false	La <b>lira</b> era la moneta italiana in uso prima dell'Euro.	Questa era la <b>valuta</b> italiana in uso prima dell'Euro.	Suonava uno <b>strumento</b> musicale a corde.
viola	same|same|same	diff|diff|diff	false|false|false	Suonava la <b>viola</b> in un quintetto d'archi.	Suonava uno <b>strumento</b> musicale a corde.	I fiori di questa piccola <b>pianta</b> sono molto delicati.
viola	same|same|same	diff|diff|diff	false|false|false	I fiori della <b>viola</b> sono commestibili.	I fiori di questa piccola <b>pianta</b> sono molto delicati.	Suonava uno <b>strumento</b> musicale a corde.
calcoli	same|same|same	diff|diff|diff	false|false|false	Fece una serie di <b>calcoli</b> per arrivare al risultato.	Dopo una serie di <b>conti</b> arrivò al risultato.	I calcoli sono piccoli <b>sassi</b> che si formano nei reni.
calcoli	same|same|same	diff|diff|diff	false|false|false	Fu ricoverato in ospedale per dei <b>calcoli</b> renali.	I calcoli sono piccoli <b>sassi</b> che si formano nei reni.	Dopo una serie di <b>conti</b> arrivò al risultato.
capo	same|same|same	diff|diff|diff	false|false|false	Parlò al suo <b>capo</b> per avere un aumento.	Chiese al suo <b>responsabile</b> di avere un aumento.	Prese un <b>vestito</b> dal guardaroba e se lo provò.
capo	same|same|same	diff|diff|diff	false|false|false	Prese un <b>capo</b> dal guardaroba e se lo provò.	Si provò uno dei <b>vestiti</b> che aveva nel guardaroba.	Chiese al suo <b>responsabile</b> di avere un aumento.
capo	same|same|same	diff|diff|diff	false|false|false	Prese la corona e se la pose in <b>capo</b>.	Gli posero la corona in <b>testa</b> e lo dichiararono re.	Chiese al suo <b>responsabile</b> di avere un aumento.
calcio	same|same|same	diff|diff|diff	false|false|false	Il latte è una fonte di <b>calcio</b>.	Il calcio è un <b>minerale</b> fondamentale per la salute del corpo.	Il <b>pallone</b> è lo sport più seguito dagli italiani.
calcio	same|same|same	diff|diff|diff	false|false|false	L'arbitro fischia la fine della partita di <b>calcio</b>.	Il <b>pallone</b> è lo sport più seguito dagli italiani.	Il calcio è un <b>minerale</b> fondamentale per la salute del corpo.
calcio	same|same|same	diff|diff|diff	false|false|false	Dette un <b>calcio</b> al pallone segnando goal.	Diede una <b>pedata</b> alla palla.	Il calcio è un <b>minerale</b> fondamentale per la salute del corpo.
re	same|same|same	diff|diff|diff	false|false|false	Il <b>re</b> viveva nel suo castello.	Il <b>monarca</b> regnava con potere assoluto.	Il re è la seconda <b>nota musicale</b> nella scala di do.
re	same|same|same	diff|diff|diff	false|false|false	Il <b>re</b> è la seconda nota musicale nella scala di do.	La seconda <b>nota musicale</b> è il re.	Il <b>monarca</b> regnava con potere assoluto.
prodotto	same|same|same	diff|diff|diff	false|false|false	Il <b>prodotto</b> è il risultato della moltiplicazione.	Il <b>risultato</b> della moltiplicazione è il prodotto.	Ha restituito l'<b>articolo</b> dopo averlo acquistato.
prodotto	same|same|same	diff|diff|diff	false|false|false	Ha restituito il <b>prodotto</b> dopo averlo acquistato.	Ha comprato l'<b>articolo</b> su Amazon.	Il <b>risultato</b> della moltiplicazione è il prodotto.
salsa	same|same|same	diff|diff|diff	false|false|false	La <b>salsa</b> è un ballo caraibico.	Il <b>ballo</b> caraibico più famoso è la Salsa.	Ha preparato della pasta con un <b>sugo</b> al pomodoro.
salsa	same|same|same	diff|diff|diff	false|false|false	Ha preparato la <b>salsa</b> al pomodoro per condire la pasta.	Ha preparato della pasta con un <b>sugo</b> al pomodoro.	Il <b>ballo</b> caraibico più famoso è la Salsa.
lettera	same|same|same	diff|diff|diff	false|false|false	Scrisse una <b>lettera</b> al suo amico di penna.	Ricevette una <b>missiva</b> tramite posta raccomandata.	La A è il primo <b>segno dell'alfabeto</b>.
lettera	same|same|same	diff|diff|diff	false|false|false	La A è la prima <b>lettera</b> dell'alfabeto.	L'ultimo <b>segno dell'alfabeto</b> è la Z.	Ricevette una <b>missiva</b> tramite posta raccomandata.
blocco	same|same|same	diff|diff|diff	false|false|false	I manifestanti sfondano il <b>blocco</b> della Polizia.	Il fuggitivo viene fermato ad un <b>posto di controllo</b> della polizia.	La statua fu ricavata da un grosso <b>pezzo</b> di marmo.
blocco	same|same|same	diff|diff|diff	false|false|false	La statua fu ricavata da un grosso <b>blocco</b> di marmo.	Scolpì l'opera da un <b>pezzo</b> di marmo.	Il fuggitivo viene fermato ad un <b>posto di controllo</b> della polizia.
batteria	same|same|same	diff|diff|diff	false|false|false	Suona la <b>batteria</b> in una band.	La batteria è uno <b>strumento a percussione</b>.	La <b>pila</b> della torcia è scarica.
batteria	same|same|same	diff|diff|diff	false|false|false	La <b>batteria</b> del telefono è scarica.	Mi serve una nuova <b>pila</b> per la torcia.	La batteria è uno <b>strumento a percussione</b>.
batteria	same|same|same	diff|diff|diff	false|false|false	Ogni <b>batteria</b> dell'esercito aveva in dotazione 50 moschetti.	Ogni <b>unità di tiro</b> si compone di venti di soldati.	Mi serve una nuova <b>pila</b> per la torcia.
vettore	same|same|same	diff|diff|diff	false|false|false	Secondo il ministero della Difesa, il <b>vettore</b> è caduto in pieno oceano.	Il <b>missile</b> ha affondato la nave nemica.	In Algebra Lineare un <b>vettore</b> è un elemento di uno spazio vettoriale.
piano	same|same|same	diff|diff|diff	false|false|false	Abitava fuori città al <b>piano terra</b> di una villetta.	Vivevano al <b>pianterreno</b> di un palazzo.	Lasciò il libro sul <b>ripiano</b> del mobile.
piano	same|same|same	diff|diff|diff	false|false|false	Suona il <b>piano</b> a coda in un'orchestra.	Ha studiato <b>pianoforte</b> al conservatorio e si è laureato in musica.	Lasciò il libro sul <b>ripiano</b> del mobile.
piano	same|same|same	diff|diff|diff	false|false|false	Lasciò il libro sul <b>ripiano</b> del mobile.	C'era un vaso sulla <b>mensola</b> in soggiorno.	Suona il <b>pianoforte</b> in un'orchestra.
tempo	same|same|same	diff|diff|diff	false|false|false	In autunno il <b>tempo</b> è freddo e piovoso.	Il <b>clima</b> autunnale è freddo e piovoso.	Il Medioevo è un <b>periodo storico</b> che durò mille anni.
tempo	same|same|same	diff|diff|diff	false|false|false	Questa tradizione risale al <b>tempo</b> degli antichi romani.	Il Medioevo è un <b>periodo storico</b> che durò mille anni.	Il <b>clima</b> autunnale è freddo e piovoso.
secondo	same|same|same	diff|diff|diff	false|false|false	Il menu prevede un <b>secondo</b> a base di pesce.	A pranzo c'era sempre una <b>seconda portata</b>.	Il <b>secondo classificato</b> salutò i tifosi.
secondo	same|same|same	diff|diff|diff	false|false|false	Il <b>secondo classificato</b> salutò i tifosi.	Il <b>perdente</b> lasciò lo stadio.	A pranzo c'era sempre una <b>seconda portata</b>.
fusto	same|same|same	diff|diff|diff	false|false|false	Il <b>fusto</b> è la struttura portante delle piante.	I boscaioli tagliarono il <b>tronco</b> in tanti ceppi.	Comprarono un <b>barile</b> di birra per la festa.
fusto	same|same|same	diff|diff|diff	false|false|false	Comprarono un <b>fusto</b> di birra per la festa.	Durante la cena bevettero un intero <b>barile</b> di birra.	I boscaioli tagliarono il <b>tronco</b> in tanti ceppi.
volume	same|same|same	diff|diff|diff	false|true|false	Il <b>volume</b> raccoglie gli scritti dell'autrice.	L'antologia dello scrittore è raccolta in questo <b>libro</b>.	Ha abbassato il <b>volume</b> della televisione.
volume	same|same|same	diff|diff|diff	false|true|false	Il <b>volume</b> delle importazioni è cresciuto.	Secondo gli economisti la <b>quantità</b> delle esportazioni è in calo.	Il <b>volume</b> raccoglie gli scritti dell'autrice.
campione	same|same|same	diff|diff|diff	false|true|false	Preleva un <b>campione</b> di sangue con una siringa.	Il laboratorio analizza l'<b>esemplare</b>.	Il <b>campione</b> saluta i tifosi.
campione	same|same|same	diff|diff|diff	false|true|false	Il <b>campione</b> saluta i tifosi.	I tifosi chiedono un autografo al <b>vincitore</b>.	Preleva un <b>campione</b> di sangue con una siringa.
facoltà	same|same|same	diff|diff|diff	false|true|false	Il sospettato si è avvalso della <b>facoltà</b> di non rispondere.	I magneti hanno la <b>capacità</b> di attrarre il ferro.	Il corso di laurea è organizzato dalla <b>facoltà</b> di lettere.
facoltà	same|same|same	diff|diff|diff	false|true|false	Il corso di laurea è organizzato dalla <b>facoltà</b> di lettere.	Il <b>dipartimento</b> di fisica ha pubblicato gli esiti dell'esame.	Il sospettato si è avvalso della <b>facoltà</b> di non rispondere.
rombo	same|same|same	diff|diff|diff	false|true|false	Prima del temporale si udì un <b>rombo</b> in lontananza.	Il lampo è seguito da un <b>fragore</b> sordo.	L'area del <b>rombo</b> è la metà di quella del rettangolo.
rombo	same|same|same	diff|diff|diff	false|true|false	L'area del <b>rombo</b> è la metà di quella del rettangolo.	La <b>losanga</b> è un poligono di quattro lati.	Prima del temporale si udì un <b>rombo</b> in lontananza.
rigore	same|same|same	diff|diff|diff	false|true|false	L'arbitro fischia il tiro di <b>rigore</b>.	Alla squadra è concesso un <b>tiro di punizione</b>.	Descrisse l'esperimento con <b>rigore</b> scientifico.
rigore	same|same|same	diff|diff|diff	false|true|false	Descrisse l'esperimento con <b>rigore</b> scientifico.	Ogni giorno va in palestra e si allena con <b>disciplina</b>.	L'arbitro fischia il tiro di <b>rigore</b>.
polo	same|same|same	diff|diff|diff	false|true|false	Arrivò indossando una <b>polo</b> a maniche lunghe.	Indossava una <b>maglietta</b> e un paio di jeans.	Fu il primo a raggiungere il <b>polo</b> in solitaria.
polo	same|same|same	diff|diff|diff	false|true|false	Fu il primo a raggiungere il <b>polo</b> in solitaria.	Impiegò anni per raggiungere l'<b>antartide</b> in slitta.	Arrivò indossando una <b>polo</b> a maniche lunghe.
venti	same|same|same	diff|diff|diff	false|true|false	Ci sono <b>venti</b> che portano umidità e afa.	Sono previste forti <b>raffiche</b> di vento.	Sono previste temperature oltre i <b>venti</b> gradi.
venti	same|same|same	diff|diff|diff	false|true|false	Videro un gruppo di <b>venti</b> persone.	Erano un gruppo di <b>due decine</b> di persone.	Ci sono <b>venti</b> che portano umidità e afa.
botte	same|same|same	diff|diff|diff	false|true|false	Era stanca di fare a <b>botte</b> con la vita.	Fu arrestato per <b>percosse</b> e minacce.	Nella <b>botte</b> piccola c'è il vino buono.
botte	same|same|same	diff|diff|diff	false|true|false	Nella <b>botte</b> piccola c'è il vino buono.	Il prezzo di un <b>barile</b> ha raggiunto i 100 dollari.	Era stanca di fare a <b>botte</b> con la vita.
credenza	same|same|same	diff|diff|diff	false|true|false	È una <b>credenza</b> popolare molto diffusa.	È una <b>leggenda</b> appartenente al folclore locale.	La <b>credenza</b> conteneva piatti e posate.
credenza	same|same|same	diff|diff|diff	false|true|false	La <b>credenza</b> conteneva piatti e posate.	Teneva il pane nella <b>dispensa</b> in cucina.	È una <b>credenza</b> popolare molto diffusa.
pesca	same|same|same	diff|diff|diff	false|true|false	I marinai andarono a <b>pesca</b> e non presero niente.	Il <b>pescato</b> venne venduto al mercato ittico.	Aggiunse una <b>pesca</b> matura alla macedonia.
pesca	same|same|same	diff|diff|diff	false|true|false	Aggiunse una <b>pesca</b> matura alla macedonia.	La pesca è un <b>frutto</b> molto delicato.	I marinai andarono a <b>pesca</b> e non presero niente.
borsa	same|same|same	diff|diff|diff	false|true|false	Tirò fuori un libro dalla <b>borsa</b>.	Posò la <b>sacca</b> sul tavolo della cucina.	La <b>borsa</b> registra forti perdite.
borsa	same|same|same	diff|diff|diff	false|true|false	La <b>borsa</b> registra forti perdite.	Il <b>mercato azionario</b> ha riportato rendimenti negativi.	Tirò fuori un libro dalla <b>borsa</b>.
foro	same|same|same	diff|diff|diff	false|true|false	La maglia aveva un grosso <b>foro</b> sul gomito.	Il maglione ha un <b>buco</b> sulla manica.	Ha vinto la causa presso il <b>foro</b> di Milano.
foro	same|same|same	diff|diff|diff	false|true|false	Ha vinto la causa presso il <b>foro</b> di Milano.	È avvocato presso il <b>tribunale</b> di Torino.	La maglia aveva un grosso <b>foro</b> sul gomito.
indice	same|same|same	diff|diff|diff	false|true|false	Il Dow Jones è l'<b>indice</b> che ha perso più punti.	Il <b>paniere dei titoli</b> ha registrato forti perdite.	Si è tagliato l'<b>indice</b> mentre cucinava.
indice	same|same|same	diff|diff|diff	false|true|false	Si è tagliato l'<b>indice</b> mentre cucinava.	Mise l'anello al <b>dito</b> della mano destra.	Il Dow Jones è l'<b>indice</b> che ha perso più punti.
principi	same|same|same	diff|diff|diff	false|true|false	I <b>principi</b> arrivarono nelle loro carrozze.	I <b>reali</b> vivevano nel loro castello.	I <b>principi</b> fondanti della Costituzione sono ancora attuali.
principi	same|same|same	diff|diff|diff	false|true|false	I <b>principi</b> fondanti della Costituzione sono ancora attuali.	L'organizzazione promuove gli <b>ideali</b> di pace e fratellanza.	I <b>principi</b> arrivarono nelle loro carrozze.
quota	same|same|same	diff|diff|diff	false|true|false	Vogliono acquistare la sua <b>quota</b> della società.	La sua <b>parte</b> della società fu ereditata dai figli.	L'aereo scese di <b>quota</b> per l'atterraggio.
quota	same|same|same	diff|diff|diff	false|true|false	L'aereo scese di <b>quota</b> per l'atterraggio.	L'aereo raggiunse l'<b>altitudine</b> di crociera.	Vogliono acquistare la sua <b>quota</b> della società.
pianta	same|same|same	diff|diff|diff	false|true|false	L'Agave è una <b>pianta</b> grassa.	L'<b>albero</b> in giardino ha molti frutti.	La <b>pianta</b> dell'edificio è caratterizzata da ampi saloni.
pianta	same|same|same	diff|diff|diff	false|true|false	La <b>pianta</b> dell'edificio è caratterizzata da ampi saloni.	La <b>planimetria</b> è il disegno tecnico di un edificio.	L'Agave è una <b>pianta</b> grassa.
cappa	same|same|same	diff|diff|diff	false|true|false	La <b>cappa</b> è un elettrodomestico che elimina i fumi.	Il <b>sistema di aspirazione</b> convoglia i fumi all'esterno.	Una <b>cappa</b> di smog soffocava la città.
cappa	same|same|same	diff|diff|diff	false|true|false	Una <b>cappa</b> di smog soffocava la città.	Una <b>nuvola</b> di smog e polveri sottili avvolge la città.	La <b>cappa</b> è un elettrodomestico che elimina i fumi.
boa	same|same|same	diff|diff|diff	false|true|false	In mare c'era una <b>boa</b> segnaletica rossa.	Un'onda allontanò la barca dal <b>galleggiante</b>.	Il <b>boa</b> è un serpente non velenoso.
boa	same|same|same	diff|diff|diff	false|true|false	Il <b>boa</b> è un serpente non velenoso.	Il <b>serpente</b> si nutre di uccelli e mammiferi.	Un'onda allontanò la barca dalla <b>boa</b>.
zecca	same|same|same	diff|diff|diff	false|true|false	La <b>zecca</b> è un insetto endemico.	Il morso di questo <b>insetto</b> è pericoloso.	La <b>zecca</b> conia monete e banconote.
zecca	same|same|same	diff|diff|diff	false|true|false	La <b>zecca</b> conia monete e banconote.	L'<b>Istituto Poligrafico dello Stato</b> ha emesso una moneta commemorativa.	La <b>zecca</b> è un insetto endemico.
cane	same|same|same	diff|diff|diff	false|true|false	Il <b>cane</b> è un mammifero carnivoro.	Il <b>segugio</b> inseguiva la volpe.	Il <b>cane</b> è armato dal grilletto.
cane	same|same|same	diff|diff|diff	false|true|false	Il <b>cane</b> è una parte della pistola.	Questo <b>componente</b> è armato dal grilletto.	Il <b>cane</b> inseguiva la volpe.
sirena	same|same|same	diff|diff|diff	false|true|false	La <b>sirena</b> è una creatura mitologica.	Nella mitologia questa <b>creatura</b> incantava i marinai.	La <b>sirena</b> dell'allarme fece scappare il ladro.
sirena	same|same|same	diff|diff|diff	false|true|false	La <b>sirena</b> dell'allarme fece scappare il ladro.	L'incendio fece scattare un <b>segnale acustico</b> di allarme.	La <b>sirena</b> è una creatura mitologica.
calcoli	same|same|same	diff|diff|diff	false|false|true	Fece una serie di <b>operazioni</b> per arrivare al risultato.	Dopo una serie di <b>calcoli</b> arrivò al risultato.	I <b>calcoli</b> sono piccoli sassi che si formano nei reni.
calcoli	same|same|same	diff|diff|diff	false|false|true	Fu ricoverato in ospedale per dei <b>problemi</b> ai reni.	I <b>calcoli</b> sono piccoli sassi che si formano nei reni.	Dopo una serie di <b>calcoli</b> arrivò al risultato.
capo	same|same|same	diff|diff|diff	false|false|true	Parlò al suo <b>responsabile</b> per avere un aumento.	Chiese al suo <b>capo</b> di avere un aumento.	Prese un <b>capo</b> dal guardaroba e se lo provò.
capo	same|same|same	diff|diff|diff	false|false|true	Prese un <b>vestito</b> dal guardaroba e se lo provò.	Si provò un <b>capo</b> che aveva nel guardaroba.	Chiese al suo <b>capo</b> di avere un aumento.
calcio	same|same|same	diff|diff|diff	false|false|true	L'arbitro fischia la fine della partita di <b>pallone</b>.	Il <b>calcio</b> è lo sport più seguito dagli italiani.	Il <b>calcio</b> è un minerale fondamentale per la salute del corpo.
re	same|same|same	diff|diff|diff	false|false|true	Il <b>monarca</b> viveva nel suo castello.	Il <b>re</b> regnava con potere assoluto.	Il <b>re</b> è la seconda nota musicale nella scala di do.
zecca	same|same|same	diff|diff|diff	false|false|true	Il morso di questo <b>insetto</b> è pericoloso.	La <b>zecca</b> è un insetto endemico.	La <b>zecca</b> conia monete e banconote.
zecca	same|same|same	diff|diff|diff	false|false|true	L'<b>Istituto Poligrafico dello Stato</b> ha emesso una moneta commemorativa.	La <b>zecca</b> conia monete e banconote.	La <b>zecca</b> è un insetto endemico.
cane	same|same|same	diff|diff|diff	false|false|true	Il <b>segugio</b> inseguiva la volpe.	Il <b>cane</b> è un mammifero carnivoro.	Il <b>cane</b> è armato dal grilletto.
cane	same|same|same	diff|diff|diff	false|false|true	Questo <b>componente</b> è armato dal grilletto.	Il <b>cane</b> è una parte della pistola.	Il <b>cane</b> inseguiva la volpe.
sirena	same|same|same	diff|diff|diff	false|false|true	Nella mitologia questa <b>creatura</b> incantava i marinai.	La <b>sirena</b> è una creatura mitologica.	La <b>sirena</b> dell'allarme fece scappare il ladro.
sirena	same|same|same	diff|diff|diff	false|false|true	L'incendio fece scattare un <b>segnale acustico</b> di allarme.	La <b>sirena</b> dell'allarme fece scappare il ladro.	La <b>sirena</b> è una creatura mitologica.
volume	same|same|same	diff|same|diff	false|false|false	Il <b>volume</b> raccoglie gli scritti dell'autrice.	L'antologia dello scrittore è raccolta in questo <b>libro</b>.	Il <b>sito</b> raccoglie gli scritti dell'autrice.
volume	same|same|same	diff|same|diff	false|false|false	Il <b>volume</b> delle importazioni è cresciuto.	Secondo gli economisti la <b>quantità</b> delle esportazioni è in calo.	Il <b>peso</b> delle importazioni è cresciuto.
campione	same|same|same	diff|same|diff	false|false|false	Preleva un <b>campione</b> di sangue con una siringa.	Il laboratorio analizza l'<b>esemplare</b>.	Il <b>DNA</b> è prelevato con un tampone.
campione	same|same|same	diff|same|diff	false|false|false	Il <b>campione</b> saluta i tifosi.	I tifosi chiedono un autografo al <b>vincitore</b>.	Il <b>primo ministro</b> saluta i tifosi.
facoltà	same|same|same	diff|same|diff	false|false|false	Il sospettato si è avvalso della <b>facoltà</b> di non rispondere.	I magneti hanno la <b>capacità</b> di attrarre il ferro.	Il sospettato si è avvalso della <b>obbligatorietà</b> di non rispondere.
facoltà	same|same|same	diff|same|diff	false|false|false	La <b>facoltà</b> di fisica ha pubblicato gli esiti dell'esame.	Il corso di laurea è organizzato dal <b>dipartimento</b> di lettere.	La <b>professoressa</b> di fisica ha pubblicato gli esiti dell'esame.
rombo	same|same|same	diff|same|diff	false|false|false	Prima del temporale si udì un <b>rombo</b> in lontananza.	Il lampo è seguito da un <b>fragore</b> sordo.	Prima del temporale si udì un <b>silenzio</b> in lontananza.
rombo	same|same|same	diff|same|diff	false|false|false	L'area del <b>rombo</b> è la metà di quella del rettangolo.	Ogni <b>losanga</b> è un parallelogramma.	L'area del <b>pentagono</b> è la metà dell'area del rettangolo.
rigore	same|same|same	diff|same|diff	false|false|false	L'arbitro fischia il tiro di <b>rigore</b>.	Alla squadra è concesso un <b>tiro di punizione</b>.	L'arbitro fischia il <b>motivetto</b>.
rigore	same|same|same	diff|same|diff	false|false|false	Descrisse l'esperimento con <b>rigore</b> scientifico.	Ogni giorno va in palestra e si allena con <b>disciplina</b>.	Organizzò i documenti con <b>furore</b> scientifico.
polo	same|same|same	diff|same|diff	false|false|false	Arrivò indossando una <b>polo</b> a maniche lunghe.	Indossava una <b>maglietta</b> e un paio di jeans.	Arrivò indossando una <b>casacca</b> a maniche lunghe.
polo	same|same|same	diff|same|diff	false|false|false	Fu il primo a raggiungere il <b>polo</b> in solitaria.	Impiegò anni per raggiungere l'<b>antartide</b> in slitta.	Fu il primo a raggiungere il <b>Canada</b> in solitaria.
venti	same|same|same	diff|same|diff	false|false|false	Ci sono <b>venti</b> che portano umidità e afa.	Sono previste forti <b>raffiche</b> di vento.	Ci sono <b>stagioni</b> che portano umidità e afa.
venti	same|same|same	diff|same|diff	false|false|false	Videro un gruppo di <b>venti</b> persone.	Erano un gruppo di <b>due decine</b> di persone.	Videro un gruppo di <b>cinque</b> persone.
botte	same|same|same	diff|same|diff	false|false|false	Era stanca di fare a <b>botte</b> con la vita.	Fu arrestato per <b>percosse</b> e minacce.	Era stanca di fare a <b>gara</b> con la vita.
botte	same|same|same	diff|same|diff	false|false|false	Nella <b>botte</b> piccola c'è il vino buono.	Il prezzo di un <b>barile</b> ha raggiunto i 100 dollari.	Nella <b>cantina</b> piccola c'è il vino buono.
credenza	same|same|same	diff|same|diff	false|false|false	È una <b>credenza</b> popolare molto diffusa.	È una <b>leggenda</b> appartenente al folclore locale.	È una <b>canzone</b> popolare molto diffusa.
credenza	same|same|same	diff|same|diff	false|false|false	La <b>credenza</b> conteneva piatti e posate.	Teneva il pane nella <b>dispensa</b> in cucina.	La <b>lavastoviglie</b> conteneva piatti e posate.
pesca	same|same|same	diff|same|diff	false|false|false	I marinai andarono a <b>pesca</b> e non presero niente.	Il <b>pescato</b> venne venduto al mercato ittico.	I marinai andarono a <b>caccia</b> e non presero niente.
borsa	same|same|same	diff|same|diff	false|false|false	Tirò fuori un libro dalla <b>borsa</b>.	Posò la <b>sacca</b> sul tavolo della cucina.	Tirò fuori un libro dalla <b>libreria</b>.
borsa	same|same|same	diff|same|diff	false|false|false	La <b>borsa</b> registra forti perdite.	Il <b>mercato azionario</b> ha riportato rendimenti negativi.	La <b>società</b> registra forti perdite.
foro	same|same|same	diff|same|diff	false|false|false	La maglia aveva un grosso <b>foro</b> sul gomito.	Il maglione ha un <b>buco</b> sulla manica.	La maglia aveva un grosso <b>logo</b> sul gomito.
foro	same|same|same	diff|same|diff	false|false|false	Ha vinto la causa presso il <b>foro</b> di Milano.	È avvocato presso il <b>tribunale</b> di Torino.	Ha vinto la causa presso il <b>comune</b> di Milano.
principi	same|same|same	diff|same|diff	false|false|false	I <b>principi</b> arrivarono nelle loro carrozze.	I <b>reali</b> vivevano nel loro castello.	I <b>poveri</b> arrivarono nelle loro carrozze.
quota	same|same|same	diff|same|diff	false|false|false	Vogliono acquistare la sua <b>quota</b> della società.	La sua <b>parte</b> della società fu ereditata dai figli.	Vogliono acquistare la sua <b>auto</b> della società.
quota	same|same|same	diff|same|diff	false|false|false	L'aereo scese di <b>quota</b> per l'atterraggio.	L'aereo raggiunse l'<b>altitudine</b> di crociera.	L'aereo scese di <b>colpo</b> per l'atterraggio.
pianta	same|same|same	diff|same|diff	false|false|false	L'Agave è una <b>pianta</b> grassa.	L'<b>albero</b> in giardino ha molti frutti.	L'Agave è una <b>specie</b> grassa.
pianta	same|same|same	diff|same|diff	false|false|false	La <b>pianta</b> dell'edificio è caratterizzata da ampi saloni.	La <b>planimetria</b> è il disegno tecnico di un edificio.	La <b>facciata</b> dell'edificio è caratterizzata da ampi saloni.
cappa	same|same|same	diff|same|diff	false|false|false	La <b>cappa</b> è un elettrodomestico che elimina i fumi.	Il <b>sistema di aspirazione</b> convoglia i fumi all'esterno.	La <b>ventola</b> è un elettrodomestico che elimina i fumi.
cappa	same|same|same	diff|same|diff	false|false|false	Una <b>cappa</b> di smog soffocava la città.	Una <b>nuvola</b> di smog e polveri sottili avvolge la città.	Una <b>tonnellata</b> di smog soffocava la città.
boa	same|same|same	diff|same|diff	false|false|false	In mare c'era una <b>boa</b> segnaletica rossa.	Un'onda allontanò la barca dal <b>galleggiante</b>.	In mare c'era una <b>barca</b> segnaletica rossa.
boa	same|same|same	diff|same|diff	false|false|false	Il <b>boa</b> è un serpente non velenoso.	Il <b>serpente</b> si nutre di uccelli e mammiferi.	Il <b>cane</b> è un serpente non velenoso.
latte	same|same|same	diff|same|diff	false|false|false	Nell'armadio c'erano delle <b>latte</b> di vernice.	I <b>barattoli</b> di vernice erano in cantina.	Nell'armadio c'erano delle <b>scarpe</b> di vernice.
zecca	same|same|same	diff|same|diff	false|false|false	La <b>zecca</b> è un insetto endemico.	Il morso di questo <b>insetto</b> è pericoloso.	La <b>sirena</b> è un insetto endemico.
zecca	same|same|same	diff|same|diff	false|false|false	La <b>zecca</b> conia monete e banconote.	L'<b>Istituto Poligrafico dello Stato</b> ha emesso una moneta commemorativa.	La <b>zanzara</b> conia monete e banconote.
cane	same|same|same	diff|same|diff	false|false|false	Il <b>cane</b> è un mammifero carnivoro.	Il <b>segugio</b> inseguiva la volpe.	Il <b>serpente</b> è un mammifero carnivoro.
sirena	same|same|same	diff|same|diff	false|false|false	La <b>sirena</b> è una creatura mitologica.	Nella mitologia questa <b>creatura</b> incantava i marinai.	La <b>zecca</b> è una creatura mitologica.
sirena	same|same|same	diff|same|diff	false|false|false	La <b>sirena</b> dell'allarme fece scappare il ladro.	L'incendio fece scattare un <b>segnale acustico</b> di allarme.	La <b>luce</b> dell'allarme fece scappare il ladro.
volume	same|same|same	same|same|same	false|false|false	Il <b>volume</b> raccoglie gli scritti dell'autrice.	Il <b>libro</b> raccoglie gli scritti dell'autrice.	Il <b>sito</b> raccoglie gli scritti dell'autrice.
rombo	same|same|same	same|same|same	false|false|false	Prima del temporale si udì un <b>rombo</b> in lontananza.	Prima del temporale si udì un <b>tuono</b> in lontananza.	Prima del temporale si udì un <b>silenzio</b> in lontananza.
rigore	same|same|same	same|same|same	false|false|false	L'arbitro fischia il tiro di <b>rigore</b>.	L'arbitro fischia il <b>tiro di punizione</b>.	L'arbitro fischia il <b>motivetto</b>.
polo	same|same|same	same|same|same	false|false|false	Arrivò indossando una <b>polo</b> a maniche lunghe.	Arrivò indossando una <b>maglia</b> a maniche lunghe.	Arrivò indossando una <b>casacca</b> a maniche lunghe.
botte	same|same|same	same|same|same	false|false|false	Era stanca di fare a <b>botte</b> con la vita.	Era stanca di fare a <b>pugni</b> con la vita.	Era stanca di fare a <b>gara</b> con la vita.
credenza	same|same|same	same|same|same	false|false|false	È una <b>credenza</b> popolare molto diffusa.	È una <b>leggenda</b> popolare molto diffusa.	È una <b>canzone</b> popolare molto diffusa.
borsa	same|same|same	same|same|same	false|false|false	Tirò fuori un libro dalla <b>borsa</b>.	Tirò fuori un libro dalla <b>cartella</b>.	Tirò fuori un libro dalla <b>libreria</b>.
calcoli	same|same|same	same|same|same	false|false|false	Fece una serie di <b>calcoli</b> per arrivare al risultato.	Fece una serie di <b>conti</b> per arrivare al risultato.	Fece una serie di <b>tentativi</b> per arrivare al risultato.
capo	same|same|same	same|same|same	false|false|false	Parlò al suo <b>capo</b> per avere un aumento.	Parlò al suo <b>responsabile</b> per avere un aumento.	Parlò al suo <b>amico</b> per avere un aumento.
capo	same|same|same	same|same|same	false|false|false	Prese un <b>capo</b> dal guardaroba e se lo provò.	Prese un <b>vestito</b> dal guardaroba e se lo provò.	Prese un <b>profumo</b> dal guardaroba e se lo provò.
calcio	same|same|same	same|same|same	false|false|false	L'arbitro fischia la fine della partita di <b>calcio</b>.	L'arbitro fischia la fine della partita di <b>pallone</b>.	L'arbitro fischia la fine della partita di <b>scacchi</b>.
re	same|same|same	same|same|same	false|false|false	Il <b>re</b> viveva nel suo castello.	Il <b>monarca</b> viveva nel suo castello.	Il <b>vampiro</b> viveva nel suo castello.
